<!DOCTYPE html
    PUBLIC "-//W3C//DTD XHTML 1.0 Strict//EN"
    "http://www.w3.org/TR/xhtml1/DTD/xhtml1-strict.dtd">
<html xmlns:py="http://genshi.edgewall.org/" py:strip="">

  <!--! Add a header DIV on top of every page with a logo image -->
  <body py:match="BODY|body">
    <div id="header">
      <img src="logo.png" alt="Bad Style"/>
    </div>
    ${select('*')}
  </body>

  <!--! Use semantic instead of presentational tags for emphasis -->
  <strong py:match="B|b">${select('*|text()')}</strong>
  <em py:match="I|i">${select('*|text()')}</em>

  <!--! Include the actual HTML stream, which will be processed by the rules
        defined above -->
  ${input}

</html>
